-8.98390651431644E-4,
-0.0030521062228054834,
0.0050548395148129945,
-0.0035756310679963626,
-0.0032748760018812004,
0.004844348395653831,
0.00665711388741694,
0.018789373592465245,
0.008898909563165209,
0.003911513344852496,
-0.005301003480417332,
-0.0022661222357581,
0.004794434817271498,
0.002972165706266735,
0.0030748221600562257,
-0.002969719422544016,
0.00670245444070081,
-4.374279125308833E-4,
0.022384710711977653,
0.013038454489297337,
-0.013572197650672834,
-3.8797046905447307E-4,
0.004125053663192062,
0.004008486671127872,
5.093088539166897E-5,
0.004412700372524211,
-2.9464499109763635E-4,
-0.006053598481834435,
0.010953794811680736,
0.0021735927701733706,
-0.0048895442894001055,
0.009451848579758797,
-0.0023625358326128812,
-0.0027474468135831338,
0.0027758358585627434,
-0.0016477784201019972,
-0.003983985075343931,
7.97581050581804E-4,
-6.995541490928756E-4,
-0.0021720093143234903,
-0.004681464424836596,
-0.0032571826671981084,
0.0020654510072699965,
-7.412093337536504E-4,
-0.0010805812636757893,
6.384269856425603E-5,
0.0016709819860406105,
-0.004027401375991693,
-0.0018013228324830594,
0.0016234891618822633,
-0.005566927220903294,
9.966397750476737E-4,
-3.724628023183852E-5,
2.690858819067521E-4,
-3.751772318664394E-4,
3.0814536361468796E-4,
4.2533433378437514E-5,
2.3908988606450066E-6,
7.057371844029795E-7,
6.228755160205071E-8,
0.0018929637537028945,
0.003748702048184286,
5.683790957247432E-5,
-5.637392441225546E-4,
0.003826467253591393,
-0.003279555920379945,
-0.005094419091879021,
0.002633331807625282,
-0.016148342720450976,
4.0057726250442905E-4,
-0.014220142581614451,
-0.018190214742719465,
0.011640535317046882,
0.008496257574071601,
-0.01122378077364657,
-0.0022655281380999657,
-0.005733724761611057,
0.0050880088237869065,
0.006405606442773078,
-0.00808804653254886,
-0.01599193479332687,
-0.004461359932462471,
-0.0015857424890702617,
0.0014836608968967378,
0.0025441238845037633,
-0.01110056309370422,
1.774137999802517E-4,
0.01306293744002195,
0.018926906516512142,
-0.008959410365289952,
-0.017293537020338097,
0.0036636788138215345,
-0.0011555784508179637,
0.0029968033329597042,
-0.0010958411725297582,
0.004542661690061264,
0.007619766219440117,
-0.003175465798402769,
0.02620544767000533,
-0.0022572993439255932,
-0.01204271201289429,
-0.0031645595168214363,
0.0013597836856231707,
0.0021423003411948456,
-1.47927577189488E-4,
9.175031732331365E-4,
-0.0017491751944057076,
0.0015578913865364214,
0.01695446833019616,
0.009558524355325858,
-0.007053891400717821,
0.0018736503121017153,
-1.5093358828130094E-4,
4.857084598300744E-5,
1.2064151389681484E-4,
4.297125555029461E-4,
-9.64534707259064E-5,
-7.274103826225872E-6,
8.794563436386522E-7,
2.2719925717073617E-6,
-2.0538839501108507E-4,
-0.0052276125419755855,
-0.004945383193351217,
-0.0032762687514591047,
-0.00509579236397323,
0.0029210951231763,
0.007292717933560275,
4.178979909480827E-4,
0.03318744064274558,
0.03944527841274333,
-0.0040802427079458135,
0.004182303227213735,
0.017490942812107075,
0.0011204474478147361,
-0.0015127565023663814,
-8.93357390436312E-4,
0.009340176558738977,
-0.008089995205752633,
0.0035808556934716776,
0.04860175601069772,
-0.0041299829169937,
-0.0044956397889907695,
0.005098127034188986,
0.001377021185794584,
0.002200954080804351,
0.009022766177642569,
-0.01349227842475573,
-0.012171568988244195,
0.005067997639421004,
0.024517660245240335,
-0.011022294357733595,
0.008058375466912954,
-0.003400701932683739,
-0.006869368381817368,
0.001161494799065551,
-0.007534533301541443,
-5.8260378398208574E-5,
9.997292003740014E-4,
4.75864161064831E-4,
-8.519021236324257E-5,
-0.008457453158953502,
6.473791519709918E-4,
-8.257330711317493E-4,
-0.0018426396899706983,
-0.003887001637651443,
6.211047447764891E-4,
0.004019887979441748,
-0.004869538032338535,
-0.0072679786252851375,
0.004685310647873047,
-0.004888013708097103,
0.0030770276950691363,
3.7636216856185153E-4,
-1.270154165910804E-4,
-0.002164366447912282,
-3.066199801318862E-4,
2.0711885648113054E-4,
-1.5596260631810118E-5,
-1.5227285383958435E-6,
1.7247636054678531E-6,
0.0013010372069611432,
-0.002747100557152426,
0.002840738524080201,
0.010370722302404305,
0.0030806888114246226,
-9.740346888399954E-4,
-0.00675943045963898,
0.03415614917527708,
0.05295500346234042,
-0.02673570632314106,
-0.08947664636458336,
-0.03836595348343377,
-0.0035461651311102533,
0.006105784640074996,
-4.5251488456852823E-4,
-0.00438999434786466,
-0.00522179244058121,
0.020827974927814394,
0.07229141876569509,
0.016102171986151544,
-0.12187193720272874,
-0.006692795832727267,
-0.0014845901387846487,
0.0033754951206984513,
0.005489460550654868,
-0.0034358440175455704,
-1.0413974803510581E-4,
0.001540213313925612,
0.07340866651300315,
0.04757795847558406,
-0.097863704264749,
0.012790032577354735,
-0.002298177405497705,
0.006260526879267617,
0.0038660630309881846,
0.002398867854836861,
-0.001053306618140094,
-0.0023639060618007375,
0.05464737720522188,
0.03633616831809985,
-0.0663139350292288,
-0.002248712590293103,
0.0020264859563779805,
0.001026360705183387,
0.0025438196300840875,
-0.010482837478556934,
7.372611877108887E-4,
0.002599832762312935,
0.04152201415979483,
0.039137248471617564,
-0.044203857866754404,
0.0012685060624768065,
-1.3756555170353992E-4,
0.001743564299430889,
0.002385754458352761,
-0.004677430924681097,
7.263917961230985E-5,
2.748885548631306E-5,
5.837111896202132E-7,
2.4726836099145434E-7,
0.0015983049685138187,
0.004140162061538824,
-0.003241189616033346,
-0.008056422617156271,
-0.007121312148117457,
-1.9416006303112554E-4,
-0.0010692333929442654,
0.0019491023284886333,
-0.07384485728373061,
1.2096764127289155,
-0.06409435365039612,
-0.007183151342468188,
0.009456278127407035,
0.006604002855680647,
-0.008074913806937794,
-0.0059962065349944485,
-0.011713936860705019,
-0.017114576300875112,
-0.11255000979349368,
1.0448536399698896,
-0.08474145407213604,
-0.021645361104610572,
-0.007930209600832162,
-8.501920456951026E-4,
7.272453545984427E-4,
0.004244366276907734,
2.075601669878236E-5,
-0.013946213820661916,
-0.10137732634506208,
0.6998439343815512,
-0.07258560659860558,
-0.013100053704158423,
-0.0019146652014880932,
-0.012757792196378553,
-0.001910236217492066,
0.002823759017514327,
-0.006017942800962241,
-0.014769811394213728,
-0.059602077709692516,
0.38130570019693094,
-0.06088292963391129,
-0.01640338565453561,
0.0018240054005534503,
3.47964912227693E-4,
-0.001478963658060003,
0.002162621744798799,
-0.0035317043294364288,
-0.014486628998949421,
-0.04345257291313087,
0.22908269503156353,
-0.04529934949427414,
-0.008051854633619415,
-7.394706049300893E-4,
2.4149409156639428E-4,
0.003340627625842367,
-0.002166440591633349,
-5.279123580471148E-4,
2.4494578837828797E-5,
1.5206783341649267E-6,
1.6485761878706058E-6,
-0.007118079395571615,
-0.009863812203163947,
1.4416841315818244E-4,
0.005340148434498178,
0.0063698886527085545,
-0.0019766015818918348,
-0.017386411646593384,
-0.04140696988118235,
-0.03940986897439626,
-0.04197741159023344,
0.056199569761993695,
0.0489370623443873,
0.011375450306421366,
-0.0012180383649401695,
-6.922601233964305E-4,
0.003585792474978173,
-0.0047578648035527865,
-0.020487167176188013,
-0.10347717355740493,
0.0033420522389478458,
0.10392271919428338,
0.007613652296837225,
1.2502897401431247E-4,
0.017079482836538352,
0.011628849027789507,
-0.006222863934286919,
-0.0062182674730755835,
-0.01051767783924951,
-0.11856491848982555,
0.07386908178690735,
0.08528761834469997,
0.007924365192423396,
-0.005863014436514727,
-0.0031678244677731055,
0.008553877245283587,
0.005575366905607428,
-0.0074788820696985205,
-0.001898227561099131,
-0.09448092151980353,
0.053975303648296905,
0.04866500712921066,
-0.00864826682943,
-0.0031382483385402936,
-0.00570960891145708,
0.004359999425442334,
-0.0018240145441281504,
0.001391501257013695,
-0.0020395144230164037,
-0.05882189296797943,
0.0592596966946031,
0.020119817232401905,
-0.0031350076846058178,
-4.013502376749243E-4,
8.239413330028881E-4,
7.813688205807058E-4,
-8.932339317598264E-4,
-2.0056074842262505E-4,
6.852789354021008E-6,
1.4830086830718933E-6,
1.5106584448244667E-6,
-0.0032392868746627247,
0.0017900386106020896,
0.007047988510900362,
-0.003470326878720684,
-0.0023266091508708526,
-0.003811389893658766,
0.009528500424151357,
-0.01884141826349176,
0.035988345413468945,
0.02118708008463998,
0.0036523786176155607,
-0.005830818925151721,
-0.006075591312691677,
-0.006509972019346255,
-0.006817955473050177,
-0.010092538193904353,
-0.008397994337811378,
-0.004268399492520251,
0.030418586600427885,
0.027728830664961034,
0.0070591858357949636,
-0.016311464078393248,
0.012765681139874946,
0.010485207755526207,
-0.0016790538970458428,
0.002090371108306635,
0.014657040327813394,
0.0018288366108600842,
-1.3219962868877243E-4,
0.041055837656838436,
-0.009925735015817054,
0.007251970824209086,
-0.002916248228881563,
0.0024304528675753254,
0.001313305062915369,
0.0032019087804462613,
0.0010723472627960449,
-0.0022021841035578475,
-4.512700083545481E-4,
0.003952368302480178,
-0.009245827947293709,
-0.0024388775487430006,
0.00629068200851563,
0.0033912552605255795,
0.001503908685796261,
0.0034944042003169458,
-0.0026392899745859995,
-0.003765997118096006,
-0.013157471108664541,
0.05332476298813756,
-0.011352653661889532,
2.591970555138463E-5,
-0.0014567319438891049,
-6.78249475208694E-5,
0.001442033603455305,
-6.027364741031729E-4,
-4.2159711136642054E-4,
-1.3444331571004054E-5,
1.5625870345134153E-6,
3.3277411870232688E-6,
-7.767096316991105E-4,
-0.008759837783741046,
-3.609948123730368E-4,
-0.004327375979236632,
0.0026700004784579456,
0.004437048559143451,
0.0011867668431331368,
0.0010533942924710587,
0.0020050304787641512,
0.03139251704822407,
-0.036280215543145256,
0.010354386185043321,
0.01940214240681668,
0.0025634773940631586,
-0.004847078706416296,
0.0024098553284107077,
0.008818242987633264,
-0.012302550801687559,
0.014221571734161222,
-0.03813492084610795,
0.024770280799955337,
0.0072486973810748775,
0.008867862094118401,
0.0012091132071382514,
0.002989128470562396,
-0.008386772720903692,
-0.014689012171049627,
-0.00865459213554069,
-0.007413267903338525,
0.02844588290451594,
0.0497846838918114,
0.004600470958226613,
-0.004956096635617459,
0.0016440242083718614,
0.008754762121777582,
-4.6012402069831547E-4,
-0.004783829926632306,
-0.006439350988480592,
-0.03377414123385483,
0.03071860515169773,
0.032766008353440484,
-0.002980981924529081,
-1.958268935773969E-4,
0.0016613871228589679,
4.650196697485988E-4,
-0.0010558262726632953,
0.0011527461552872584,
7.735028199974789E-4,
-0.014450272758401689,
0.04117100791742461,
-0.009627901534545406,
-4.898112577555859E-4,
-3.668438631580079E-4,
-6.769982691105283E-4,
-0.0026490018397767193,
2.154071080138452E-4,
1.8390595654884695E-5,
-1.289341034407719E-5,
1.1667570852637237E-5,
-1.4073040308344101E-6,
0.0025472783744431658,
-0.0033155113177019296,
0.015619287538783947,
-0.0021439159034836552,
0.0012784971812481556,
-0.005467817517583019,
0.0014792166732762251,
0.012688273785765477,
-0.036069088265439295,
0.058688324324510974,
-0.011429572388152037,
0.004683650206758393,
0.0025197406071547444,
-0.007303853529433796,
-0.0033967049598184634,
-0.006802122560762707,
-0.010327766066323128,
-1.181726017558584E-5,
0.02661090009716724,
-0.012684840933324018,
0.0101613774503936,
-0.005681390733163923,
0.00828155637843216,
0.006133499060689804,
-0.003989212742602751,
0.0017303771489804065,
0.012303039969475368,
-0.0125478775018406,
-0.001458336657486901,
0.02642480840367505,
-0.014265214705883263,
-2.2535903929309553E-4,
-0.0022231717556581683,
-0.0017002714877009067,
-1.0712178229139436E-4,
0.0013757613565590406,
-3.734580589168009E-4,
0.0053454185952800095,
0.00222103322967992,
0.0013612534301026776,
-0.007174797749683315,
0.004999526348397062,
0.004476896357442001,
-0.0022551568479843172,
-0.002092522416891331,
0.0026618048699551464,
-0.0032585930975111838,
-0.009739706897997094,
0.05099309073698796,
0.1558582533009535,
-0.09001536933501748,
-0.0020807949723129003,
-6.26869257703723E-4,
0.007052165243420517,
-0.005732992896022795,
-0.0016751198769439995,
-1.15598315514845E-4,
4.639853116166397E-5,
1.4562840029069596E-5,
-3.030664088458381E-6,
1.6165594633810306E-4,
-0.0015505595529183348,
1.5500265949992104E-4,
-0.006026122084163336,
-0.008542052135444407,
0.0010844767606577642,
0.013647106107395474,
0.013417107588230927,
-0.03779178729398202,
0.0625074938963765,
-0.04305974543840485,
-0.010565507298362621,
0.006386621781015093,
-0.010454139286445719,
-0.0024481629034130556,
0.004497956611035591,
0.013494116171886056,
0.010660492848160879,
0.01141738767539396,
-0.027594933981148675,
0.001032792250792496,
0.009444364993247106,
3.3429908467492216E-4,
-0.00187512695100107,
-0.0013828243430770704,
-0.004272384217091691,
-0.009407029107304503,
0.003310310320158099,
0.011563640183811763,
0.02059553738790818,
0.031848785800389315,
0.004064169455470842,
-0.0035491647576189143,
0.0033813160364532754,
0.006295784303890665,
-0.007820710470565392,
-9.197278948520495E-4,
-0.01328096372070263,
-0.012241241647527759,
0.024426391832749417,
0.010798117733581278,
-1.303242360349561E-4,
0.0018819817549392526,
0.003543150330191748,
0.004303358676366015,
-0.0033945465500731177,
3.750124470555216E-4,
-0.019399607953402793,
-0.06899362397752046,
0.46679579798075765,
-0.09484460920861693,
-0.021704562963284574,
-0.004005412781308131,
0.00611084158955642,
1.9799636183302655E-4,
-0.0017073516525588262,
-2.6529367849243866E-4,
-8.209495119598431E-5,
-9.340456926930341E-8,
-3.9018370959979586E-7,
-0.0012549411637858775,
-0.0045847321737663566,
0.004737294987154214,
0.005776024311864032,
0.0023637116376717606,
0.005875524187888998,
0.0034086958826747755,
7.608333009163273E-4,
-0.02287308053661037,
0.04933682188641332,
-0.01769469401146923,
0.0038632664234749467,
-0.007583062364541463,
-0.002339177469499973,
0.006683587026023327,
-0.0019181798939267541,
-0.015171012420965935,
0.001964993029099826,
0.013434173108597697,
-0.01668222845962848,
-0.01479837740264718,
-0.007261410196207791,
-0.004134587186556113,
-0.0016352458019599516,
-0.0062707919730525166,
0.0041822547975226745,
0.001547800779353534,
1.496225901790561E-4,
0.010646000188819315,
0.0030499856402834225,
-0.028733495958592137,
-0.01594775031878483,
1.1985871808401459E-5,
-3.517689622392574E-4,
-0.003946394270506376,
0.0034573197883350205,
5.111570222943447E-4,
0.005448975100019916,
0.0141095738997137,
-0.010627369242653603,
-4.680189529440884E-4,
0.008856213069902804,
-9.385953357369356E-4,
-0.004278375901996716,
-0.006050524021912787,
0.0015557359537463824,
-1.4409917876260798E-4,
-0.007156231513328057,
-0.0905808972301971,
0.16589222482789412,
0.04721849266161421,
-0.005313577571578253,
-0.0031144036914502755,
0.0015793320188580966,
9.175663574838655E-4,
-6.940928041993627E-4,
2.1276994515286322E-4,
2.6643147130431904E-5,
-3.1609187419902304E-6,
-5.121501609063538E-6,
-0.0013473052648043217,
0.001639934963902218,
0.003608046249885622,
-0.0038081533358908007,
-0.0021457495012933113,
-0.005787750685545566,
0.004872577027017976,
-0.0023752610360942387,
-0.027142244939821803,
0.055537380595977376,
-0.014302793254192878,
-0.00851235556735682,
-0.008474576438066962,
0.0029494647398667934,
-1.720725770953098E-4,
0.004577484262223227,
0.01397907140671396,
0.010629768120899743,
0.0013504384142912166,
-0.012802385022225981,
0.0018218207646229544,
0.029494370793945675,
-0.0023257291827341433,
-0.005508334203025794,
-3.900283116031564E-4,
-0.0021177010902349003,
0.0017614078853416552,
-0.003827125918737611,
0.03344935862303763,
-8.261299853936192E-4,
6.581962308910509E-4,
-0.010015281989114864,
-8.035913573146837E-4,
0.00501220987585385,
-4.2042214189908774E-4,
-0.008666417881331497,
-6.139406474965947E-5,
-0.006670670138125995,
0.007035375856352128,
0.06355414532466674,
0.003820794901765621,
-0.0014781572292377914,
-6.298646426302704E-4,
0.0019484119443842138,
0.0037447709910280896,
0.0033649917644346414,
-0.003201983828132816,
-0.006199530904102358,
-0.002747396376059444,
0.004847380792621851,
-0.009292600055808432,
-2.8632960061913005E-4,
7.159548796201447E-4,
0.0015285163486417307,
-9.269492199689607E-4,
-6.056476164232891E-4,
-1.6061614234092318E-4,
3.0697766919293826E-5,
3.0435962572063868E-5,
6.112876884709049E-7,
1.3434997736749875E-4,
-9.411795630729337E-4,
-0.0029621126308490976,
0.0037844478597541635,
0.0011334348791632184,
0.007979609865338695,
0.007302192970959454,
-0.012225550349124701,
-0.02115405074291413,
0.045098868536161185,
-0.0018033229565676506,
0.01155319149953711,
0.003469471696636902,
0.002984948455581307,
0.0031294904964856594,
-0.00241933129152282,
-0.01035472722275732,
0.0057550638609393375,
-0.012827076952429088,
0.0031623957133391847,
0.005928976416147714,
-0.016944344092233794,
-0.008777123950708314,
-0.0020510148992096498,
0.0029585852008322698,
6.565016943808264E-4,
0.001254590658402646,
0.011157741233563946,
-0.01668842124166849,
8.830684981367531E-4,
-0.014093712749543187,
0.006149910439992581,
0.008521451488806472,
-0.0014471680824332685,
-0.008143174354295818,
0.007230110270110541,
-0.003498565103231961,
-9.450467529910753E-4,
-0.008132732887798616,
0.008998731915136724,
0.0038504267891788313,
0.010191027850983914,
-0.005143245670940423,
-0.0036513681494576076,
0.005007061608282334,
-0.004652507163853318,
0.0017141078903566555,
-0.0031589737830770683,
0.014294848168306947,
0.04916100634737236,
-0.01689340049987687,
-0.016272804741205845,
-8.883297534832881E-4,
8.405461507652986E-4,
-3.561609742967616E-4,
-1.0218889807079497E-4,
4.233690375526801E-5,
-1.0595203622811837E-4,
-6.504588469679542E-6,
-1.7166392927689874E-6,
-0.0015860899002650933,
8.522879826826893E-4,
0.002254917501443496,
0.0031286092922959132,
-0.00465653116580462,
-0.006263276422787569,
-0.007322834856039753,
0.0074147199600830965,
-0.006647369992970853,
0.015827888276679344,
0.004714339741924445,
-0.002621186621576623,
0.0017071483926639937,
0.011329627035059726,
-4.4457151736406733E-4,
3.028323144591859E-4,
0.0064869159829583686,
0.0032222910323779683,
-0.0024553258930279445,
0.0043522191629771015,
-0.0020528460043434003,
0.004457407773749675,
0.0026630670323295864,
-0.005104322291379337,
0.003154994693613247,
0.002264566978403735,
-4.2721254077061075E-4,
0.008580099181253315,
0.026764085983090588,
-0.011318990261499032,
-0.00671241653665209,
-0.009198735182685278,
-0.004224385140285388,
0.0016792658684185485,
-0.003461518504107485,
-0.006775425842152556,
0.007767448444580011,
1.5607389395461786E-5,
0.06458327575588538,
0.15053781586327386,
-0.08466244451563049,
-0.012036497528970888,
0.0030858634526792486,
-0.013770299461955397,
-0.002381001206502952,
-8.076857561169794E-4,
-0.004131335999007521,
1.2242131562170054E-4,
0.007879604894425827,
-0.006870745521017,
0.015162895535301736,
0.003428292610764105,
8.80686214970192E-4,
2.723593788154961E-5,
-7.792356154150779E-4,
3.4140154859359185E-4,
1.0102091521903377E-4,
9.735806865346014E-5,
2.096286930000316E-6,
-5.354608824850792E-6,
0.0014332445367520085,
9.781683324876164E-4,
-0.002412390954025379,
-8.111858857881586E-4,
0.0029628260811618004,
0.003938908022291065,
0.0040747746632393556,
0.001642887903324574,
0.014122244812141053,
-0.0042815489289213145,
-0.010292433391527557,
-0.0014328843387049622,
0.011597617814849198,
1.799820600602896E-4,
-0.0017876881166719793,
-0.001390872352661779,
-0.0035810668842377437,
-0.020819698479494993,
0.008950497511877173,
0.006446300367372988,
-0.002169902115814951,
-0.021356421948935365,
7.755909624023232E-4,
0.006231350698429812,
0.003975227749704054,
-0.0036420076429045734,
0.004186257392314611,
-0.011375346597196436,
-0.022079673561602918,
-0.007938428341844377,
-0.00861749772008172,
0.02503949123348253,
0.004556064952204366,
-0.0031934219945300626,
0.0012497342633022998,
0.015672501283127326,
-0.012348819481883242,
-0.015460169345434227,
-0.07563855006635557,
0.5001009300126762,
-0.0703754450030098,
-0.02469346694153208,
-0.0019473637935316344,
-0.0010260191236330489,
-0.0044888876925556695,
-5.311874639411171E-4,
0.00563226662061757,
0.002181126958546972,
0.00951764657821908,
-0.01803591400577689,
-0.023015915122567777,
-0.001434347932794217,
0.0029468733821505265,
4.238882741905385E-4,
-3.8317881116236733E-4,
-8.249977548370416E-5,
-1.4164081673044676E-4,
-2.321955593161255E-5,
3.10060110765924E-5,
-5.268588129172298E-8,
5.851118145001101E-4,
4.189001971784839E-5,
-0.003554897078432814,
0.0010491551800421032,
-0.005174999829221079,
-0.00614586190186448,
-0.019973044417977755,
0.02062721671671098,
0.009802237624457219,
0.019312625198938053,
-0.003008130392003227,
-0.010327710273503049,
0.0014941864961370913,
-0.0021647387935140715,
-0.004563654423069314,
-0.002821900683337799,
2.1317863057603614E-4,
0.010735708729228351,
-0.02337322811040913,
0.013867841645379806,
-6.405951112278679E-4,
-0.010612580900770054,
0.0012998109804069446,
0.003173080435480427,
0.003520927963221506,
0.0025385702446368706,
-0.0017428445652507537,
0.011372065487180538,
0.01115123958970235,
-0.05891698489834261,
-6.200822300377572E-5,
0.005532301066717354,
-0.0028897874766356706,
0.001411511089307674,
0.0023411521558049835,
-0.013566730370255596,
0.00922767818911418,
-0.013453120743174955,
-0.09747093747954125,
0.17184030165695707,
0.03501681080664154,
-0.0026451286497374514,
0.0028867779504972457,
0.0011058175065316183,
-0.005258921413413147,
-7.078383657457908E-5,
-0.0023531017585386857,
0.004259912469956035,
0.008706832374719843,
-0.019736210962621677,
0.0030089471482348494,
-0.001996903140464088,
-0.0015732649772605561,
-2.202571338075107E-4,
1.5326091531708589E-4,
2.4315912348201677E-4,
-2.744745508417529E-5,
-6.564599045719299E-5,
-3.692908696480801E-5,
-1.2786957847244259E-6,
5.729130829827659E-4,
0.0018919996295672572,
-0.0013936372674398481,
-0.0012490096636827966,
0.0022900994277606826,
-5.158428960956637E-4,
0.012072643418254099,
0.007361827275155684,
-0.006346614345150766,
0.03937234159061907,
0.009910439621303758,
0.007545774258290774,
8.795579037912931E-4,
-0.008026713742640527,
0.002722891829772719,
0.004112035524231845,
-0.002472134669865477,
-0.014359963733614431,
0.02020916026033369,
0.0194889148596216,
-0.007622651172387333,
-0.005813132008043826,
0.006804897315821765,
0.0063520621319169785,
-0.0040188935014765234,
-0.0019229765359012846,
0.0016307012532120932,
-0.013160234364951779,
-0.03351947904131898,
0.033115827461889985,
0.023457670568905416,
0.009793436412544525,
-0.004804080625305787,
-0.008354086068200074,
0.003621012728719482,
0.001014817586788411,
-0.004596336427220687,
0.004505856797201422,
-0.007780159159821885,
0.0031043446538940502,
-0.008402024394785946,
-0.014812759113059668,
0.0026234205879171425,
2.6780522422823405E-4,
-0.002693784196137254,
0.0022519052793952767,
9.357410527741685E-5,
-0.0031092066156617644,
0.0028052782984744826,
-0.02055395133689074,
-0.007161334495511883,
0.013347461126330123,
0.0015194721535361222,
-6.211738266249975E-4,
1.2979108087342377E-4,
1.0499855577610538E-4,
4.923772572224737E-5,
1.4222421096880274E-4,
3.6478666130551174E-6,
-4.664385259241835E-6,
0.0014481899316770004,
0.0012919246651732137,
-0.002587315811981835,
0.0013803628783862188,
-4.335128298817322E-5,
0.0013429844022738596,
-0.008292044698474216,
-0.0024426993839120267,
-0.008987637009771027,
0.014688893459583036,
0.010226565243327723,
0.005472396265252028,
-0.011997822039255923,
0.0015143600664849974,
-0.002233631694611174,
-0.004551796693313185,
-5.59270292128642E-4,
0.004814293416753933,
-0.026251972612480266,
-0.007201489387135132,
0.0013714191315551943,
0.01945444698520876,
-0.004844994706307322,
-0.005731466674253734,
-0.004115814162652724,
-0.0029646298838882793,
-0.0049291711336304465,
-5.31036851226024E-4,
-0.017235233539232484,
-0.045761785858272126,
0.02321331568673251,
-0.018910672055269688,
0.004667408895514165,
0.012120624747242618,
0.004471620719181899,
0.006395636492075508,
-0.002272791405141924,
-0.015636275622296046,
0.025526258359644137,
0.05096767990094045,
-0.03646810033860842,
-4.167828248995336E-4,
-0.002822925280995346,
-0.006841781242668233,
-5.790475040608007E-4,
0.0015603665819456992,
0.002739817063566201,
0.003977053077044227,
-0.00929142091004594,
-0.002287350300090843,
-0.006987490343733943,
-0.003237526158181663,
0.0011675157820038972,
2.290264500713721E-4,
4.891204583105784E-4,
-3.540763425354871E-4,
-8.537834177668873E-5,
-4.270326462270474E-5,
4.0313774116252354E-5,
7.712817197308373E-6,
-8.86465802819736E-4,
3.1629359452968047E-4,
0.0014916612329585123,
-0.0019216733506038934,
-0.0013371594735926925,
0.0010102260683886814,
0.012549265007411683,
0.004543600317922119,
-0.0030768153342507314,
-0.02554739479711594,
0.014917299767766316,
-0.004771640003311109,
-5.544790483276024E-4,
0.0016190126893621962,
0.004149710687005404,
0.004756677774151143,
0.005453320771462287,
0.005653403826247145,
0.03135633948886409,
-0.018595387842166397,
0.009063557821375794,
0.003178872426156369,
0.004697909069299554,
-0.005202445116907591,
5.84528125211629E-4,
0.0015339516674919462,
-6.711995393910566E-4,
-0.012254894432706309,
0.09287575865040423,
0.26622613369299025,
-0.06600984375313447,
-0.006921911112713651,
-0.024850019279306874,
-0.0018474755265256854,
-0.0025472959662651527,
-0.0042330470643564865,
0.005684732986484383,
0.002822470414508123,
0.0243871283814819,
-0.023891052367406164,
0.020869408446787342,
0.012401725493517042,
0.005851196554945115,
6.868551729801241E-4,
0.002506655167848333,
-7.078463885682925E-4,
-0.002527164797294218,
8.040950454780904E-4,
-0.010259666573124378,
0.011781723782233761,
0.019298251416438397,
-0.003762232579888775,
-0.005065815207662191,
-6.97974138205448E-4,
3.7881832944299334E-4,
-7.935967097194728E-6,
-8.154689873485041E-5,
-6.680577320031142E-5,
-5.890222445533698E-5,
1.3834548915417275E-6,
-7.521030928186664E-4,
-0.0019603477617959587,
-0.0014092690671905872,
0.0011157904862307052,
7.084751213177016E-4,
-0.004054052744063178,
-0.01460460288836489,
-0.0076193225328376295,
0.018749625905790972,
-0.032086570674020445,
-0.01609492630817691,
-0.009269243850375263,
0.01263366607278559,
0.010899112131558874,
4.348753428263757E-4,
-0.00448226704596448,
-0.0032135579667780206,
0.0020178182368979147,
-0.0475207237005417,
-0.005991799868579797,
0.011605374618765003,
-0.015687528544265632,
-0.011228586689625395,
0.002387342193129778,
0.0014548142722151523,
-0.004660701648908373,
0.004636607485966551,
-0.0029172465669843077,
-0.08265330486526568,
0.8549019847622801,
-0.06980301577963823,
-0.001020941305536656,
0.012018641184283174,
-0.015948433335321324,
-0.003339628034510167,
3.7028227099811684E-4,
-0.007930131918848001,
0.012484776030716484,
0.004752233303282335,
-0.016513335038150872,
-0.0029248495769021617,
0.009863193809269663,
-0.00512895902278618,
9.178719063057952E-4,
0.0035422665691500054,
-5.242838647759224E-4,
1.371531302719209E-4,
-0.008629944627751435,
-0.002614087629355034,
0.01238698139614746,
0.00678072478385686,
0.007108812866844505,
0.001838597749562759,
-5.444436896814953E-4,
-1.0136820136519373E-4,
4.802898250297788E-5,
1.4445240538058185E-4,
7.800474586621598E-5,
-1.0116414873476535E-5,
-1.3038231627714923E-5,
-6.760737060403607E-4,
8.009435795759688E-4,
0.001348945688122343,
1.4063975102904E-4,
6.584221500640763E-4,
0.0029205687584897906,
0.006082647010054296,
0.014953545785839564,
-0.00549167555398648,
0.010322202924322371,
-0.013838453850450938,
0.010419808057834927,
0.009035624207292845,
-0.007612043656740284,
2.3848678100455367E-4,
0.0028967565315107606,
5.885402800315099E-4,
0.0017273012305043375,
0.053962358742142134,
-0.060657024933633695,
-0.010629085292357622,
-0.010842759394448356,
0.007523447290410424,
0.0031361115237800693,
0.002632156214390615,
0.005412841163139946,
-0.019030487452083703,
-0.02059576438960666,
-0.07736705088113419,
0.27378292597000997,
0.05859372803061489,
-0.0025254044989186965,
0.004298012797374672,
-0.0034839621033847007,
-0.0010793724927857995,
9.216892954661032E-4,
0.007404270528581015,
-0.00395891640847104,
-0.015760639904384893,
0.010071914098478778,
0.018322943689183344,
-0.012933816042678594,
-0.001517014723879829,
7.786966063380059E-4,
-9.038536982182165E-4,
-0.0010795247864873762,
8.431709341537837E-4,
0.004607050154370722,
0.005232342556273728,
0.004322185763651475,
-0.0034615549311139545,
-0.009951664589042782,
0.0033619560165225213,
0.0015209074126719061,
-9.958332267027829E-5,
3.4644448480320435E-6,
3.8167100198756236E-5,
-1.9306942661185324E-5,
9.899707188134812E-5,
9.405895064672552E-6,
-2.4150053682967236E-4,
-8.431509613433717E-4,
8.685271132823759E-4,
2.6180164718445803E-6,
-2.8696099735765E-4,
-0.003400039857075681,
0.0015892290085123707,
-0.013059465808527664,
0.0018166016643428456,
0.024478222769511098,
0.015676169322841483,
2.517261828928613E-4,
-0.012691778287247163,
7.213855773631744E-5,
-0.005972399474404712,
-4.434944786811078E-4,
0.006047785040338985,
9.962437589403194E-4,
-0.026729260624312644,
0.05440204892804537,
-0.01145438862987818,
0.019302304119544846,
-0.0023064984195671706,
0.010186114379053157,
-9.681711086277236E-4,
-0.005369475249470213,
0.011724614546677597,
-0.01829856596446512,
0.041026078635892985,
-0.0747867592812177,
0.003155238472078997,
0.0029193113168605347,
-0.01273655308984032,
-0.012108726321881218,
0.0024367144632388145,
1.295267957047836E-4,
-0.0023025525228127734,
0.007469745884172227,
-0.01939661716940927,
0.0035646809177320013,
0.012338899636461726,
-0.007263104206456182,
0.001163117514828177,
0.0015961404827124987,
-0.0037702172125575212,
-2.6510208365970506E-4,
-0.0014299906211902792,
0.0011881171101895858,
0.012661220489033577,
-0.005523452735659284,
-0.005614145089652579,
-0.0031536306854144883,
-0.004837225234235397,
2.01291992199511E-4,
8.076572997126448E-5,
1.7588874870486362E-4,
-1.4459216316224042E-4,
-3.436580717263679E-5,
-4.996005157609491E-5,
1.1376581591434455E-5,
6.862916777030704E-4,
2.149541311706478E-4,
0.002145664757565761,
9.046353779792553E-4,
-0.0016578813853643346,
0.006844045319559367,
0.011187989471366264,
-0.0036220767220175865,
-0.024902816214450275,
0.017799543989902432,
0.009391870103446161,
-0.008058286165341915,
-7.146714380715392E-4,
6.085845216698945E-4,
0.0055538633547303215,
-0.006048975265283203,
-0.01081953199132406,
-0.0072225209749426445,
-0.015299336260759232,
-0.149984716721272,
0.034423119659817425,
-0.0017431592820274454,
0.009644064946389013,
-0.007335361509252483,
-0.0011301753807022971,
3.0763423988989873E-4,
-0.0047970283101998155,
0.02166717905738007,
0.0296313087745148,
0.025068696941000806,
-0.02779034657758974,
-0.010670881236465144,
0.0061383650902130955,
0.005104686695909516,
0.002979046469796151,
0.0016533757741527307,
-0.003597082035734775,
-0.015620231056328754,
0.015404929588772738,
0.004055634082863409,
-0.023335642338892154,
0.007434130280667709,
-0.0010640882654931291,
0.0027387325506380254,
-6.490786169545984E-4,
0.0011595745847028005,
6.975469566762068E-4,
-0.0017373903712386385,
2.4387961193740463E-4,
-0.007029124323955627,
-0.010862211630610737,
0.012291573307961073,
0.0014916909394542838,
-0.0020007932950014294,
-1.1685058375739729E-4,
-5.541678395087921E-5,
3.291523367246626E-5,
1.2009893774396132E-5,
-5.6887013516249385E-5,
-2.3585259855842368E-5,
-3.3108784673395854E-4,
4.3970165987921764E-4,
-7.840560995648462E-4,
2.1356966428715354E-4,
6.908869927093836E-4,
-0.005234708174525178,
-0.0035757841519442374,
0.0017192922341448327,
0.027454985764752568,
0.00815682430558276,
-0.01606918028755968,
3.7196527805927193E-6,
0.010492189673094003,
0.007689981759897803,
7.827092825515867E-4,
0.008592443003064765,
-0.0016511295640320193,
0.010054028646835706,
0.10033130064098833,
0.12554122969032877,
0.020148060771724582,
-0.050643911453190055,
-0.010101425136941584,
0.003386141634278834,
-0.0016336880468073522,
0.002096611292250657,
0.005901466008240141,
-0.009640023994172553,
-1.2074942917445234E-4,
-0.03357846496333032,
0.039265934802097446,
-0.01028232613625794,
0.002794121716477676,
0.011550627988497101,
-6.211747319832367E-4,
-6.66046748874665E-4,
0.004052495070202207,
-0.005438158869433201,
0.009630884346486967,
-0.012736925660824027,
-0.0027435419577935805,
-0.0012211917110506766,
0.0031620797495733443,
-0.005353153223048137,
7.557602826232871E-4,
6.237684494134274E-4,
0.0019497940574667813,
0.005697602547246586,
-0.013645158168564734,
-0.006046036524848067,
-8.556830212272718E-4,
6.393570299497494E-4,
0.004837497539392153,
0.0012404723648582546,
-7.070952732900406E-5,
-3.2602132837835523E-4,
-9.541364854583167E-6,
2.094779350379158E-5,
7.932094426848454E-5,
-5.136588436808956E-6,
-1.1249791054465234E-4,
4.953938347340861E-4,
-2.6613477983939587E-4,
-0.0019712289496624275,
9.933899714221265E-4,
-4.25818265502401E-4,
-9.832285651510972E-4,
0.0077274499417994014,
-0.0597903279853073,
0.05954095063346427,
-0.021033836491052407,
0.0071443533881857,
0.005164301946630437,
-0.004069890524280847,
-0.00264974587258585,
-0.00678558052429919,
-0.015575968421353436,
-0.02181713689521341,
0.015026108635328245,
0.8614095544216995,
-0.0021202123542090195,
-0.028994577298481965,
-0.027446927659705963,
-0.0071548320594034265,
0.007257294083448378,
-9.520754031979075E-4,
-9.154896792276421E-4,
0.006390924124602776,
-0.03275905189245921,
0.0037489307417693544,
-0.04084883439779846,
0.013210179959810841,
-9.338467506123623E-4,
-0.010935118877722121,
-0.002675935830246477,
6.694327497636656E-4,
-0.001859020775664474,
0.0186424505146895,
-0.006842146687096528,
-0.020287435524127,
0.00352674010426211,
0.004137123184540249,
-0.0035037261621255504,
-0.0018148190733261627,
0.0021992325036574757,
-4.845090292482483E-4,
-0.0010797186034496842,
-0.0014603783516437359,
0.0026695108621725737,
0.0048188679934053034,
0.013882024719390618,
-0.008080135114680597,
-0.0035015334586320623,
0.0015345448904888078,
3.188811221590187E-4,
-1.3500848969196774E-4,
-7.780691686392611E-5,
4.468172283931193E-6,
4.373052142374213E-6,
3.636171598961192E-5,
6.619193137721087E-5,
-9.566620838949082E-4,
1.493716152541182E-4,
9.150318234136866E-4,
5.399736222801692E-4,
-0.0017143617317554403,
0.014055110232110436,
5.501065964039643E-5,
0.04313497426319285,
-0.029658108875688954,
0.004910337247429331,
-0.011593076230635945,
-0.005574971405974433,
-0.0018473497092024093,
-0.005286051014687941,
-0.005316201522936811,
-0.01316492969689447,
-0.009210079686808106,
0.01755643564171542,
0.14250305442792713,
0.0500391589021074,
0.009867890025293122,
2.531432914537246E-4,
-0.003662184740401111,
-0.003072480064492634,
-1.859995699711348E-4,
0.0011486587966084267,
-0.005044482182301771,
0.011035168979872362,
0.015059003657974225,
-0.0062870205124868385,
0.004385995925520461,
0.004616742480049009,
-0.0035820364058173956,
-0.0012902006388753975,
6.884689613088164E-4,
-8.280156128321083E-4,
-0.004860723360715906,
0.005850491166451772,
-0.007009605982919878,
-9.308720768263349E-4,
9.749752300944551E-4,
-0.0015690972048335284,
0.009365032676453878,
1.319745691986145E-4,
-3.271771524846126E-4,
-8.632774152350778E-4,
-0.0048157630326937,
0.004713658812054771,
0.013634671731827303,
0.0058056937780686475,
-4.182382289568777E-4,
-0.005288425327085179,
-0.0025695420614681363,
-1.0312950243848412E-4,
1.3938680734081402E-4,
4.908295158525126E-5,
-4.9193509827189866E-5,
-6.952690097162517E-5,
-2.2063148322337273E-6,
-5.922936810074373E-4,
-1.8696902507970648E-4,
9.026257781215481E-4,
-0.0018163029368113979,
0.0013033597059364265,
0.002624100283191349,
-0.014853190273043316,
0.0028800403292977405,
-0.05579791839649841,
0.12078637218759156,
-0.04425120999872123,
-0.0114061270261442,
0.009548773257979287,
0.0016147482111371428,
0.002532171195638629,
-0.005374199592086933,
0.006719900089702019,
0.027624192916583575,
0.028615823682125598,
-0.17782675607875764,
0.01903884904939398,
0.01025303312932993,
-0.0018548422058555915,
0.002798898427665822,
-0.003353645866184065,
-3.4677094287938925E-4,
-5.642260196652739E-4,
-0.012263852343536889,
0.04016142887376284,
-0.004168538042015126,
0.04774222501394149,
-0.00551225543715009,
-0.0034966476845274216,
0.005914994950698274,
0.003467098244665274,
-5.943146942108493E-4,
0.005949068597860856,
-0.010057528896645764,
-0.014492025890527834,
0.011814994535270969,
-0.0021140674353318945,
-0.012877299697051665,
0.0036666127560015947,
-0.001749759255129632,
-0.002309630717651416,
2.0261059030775674E-4,
9.576294490138248E-5,
0.0031163399710667098,
-0.011633360799037502,
0.001825746174198678,
-0.010294122495661757,
0.0012623937355323491,
0.005550550791240337,
-0.0010153129161254914,
-4.4237840771398594E-4,
1.1064108867138775E-4,
3.411127803417741E-5,
-3.5637394234801997E-6,
7.141008923938526E-6,
-4.94858952293794E-5,
4.881748363281148E-4,
-1.0514485608699594E-4,
-1.5329978596906855E-4,
0.0027212548378493114,
6.84920667827771E-4,
-7.040243242700701E-4,
-0.0015136092034374867,
-0.007935827864839283,
-0.02375993360731752,
0.015828354613928203,
-0.02020976090070592,
-0.0010863878052189465,
0.02369126919720079,
0.003454138232872597,
-9.654585863156252E-4,
0.0012196966691513087,
0.0054209893527638504,
-0.0021590382879464643,
-0.01341589089615071,
0.0461194081023551,
-0.022647758940025083,
-2.3689185403638364E-4,
-0.014222860965766583,
-0.008221129713055267,
0.006594585446489068,
8.8474896106465E-4,
9.256327134908588E-4,
0.017419832642984554,
-0.03108898531797313,
0.010783373346108193,
-0.029377003251637588,
0.006782656899273551,
-0.0050488630569430395,
-0.0021467704617656276,
0.0022018177969601,
5.572401063309516E-4,
-0.002995931171865853,
0.005408936631797052,
-5.049946750773488E-4,
9.891195286241535E-4,
-0.003498357816783871,
0.005295294563334441,
-0.0017964329381753444,
-0.006232713994469454,
-0.0012657765962367632,
-2.4367080676335125E-4,
1.1694410903249168E-4,
0.005227892839646741,
0.005761239157219272,
-0.01853341920432603,
-0.006517729853334465,
-3.9488770041944067E-4,
0.0037347053869350617,
0.004027668747450786,
3.6501633747532364E-4,
2.52738737473317E-5,
-8.314181892138162E-5,
9.642902797714672E-5,
5.684514398147396E-5,
6.067938007770679E-6,
6.629387138579624E-4,
7.771373695651765E-4,
-0.001218643210684522,
-0.0032110521179332437,
0.006195976870667089,
2.3965769492176607E-5,
-0.004328998584064523,
0.03041456056007189,
0.03449833620704463,
0.11005983238597013,
0.044446889861135847,
0.0017203624319499858,
-0.009056676211895348,
0.004203676908544428,
-0.001948989810847966,
-0.0017224673309701828,
-0.012257231601189026,
-0.005092913454287527,
-0.02648670244034959,
-0.027603805192674753,
0.00885964698792382,
3.2237628378891E-4,
6.633013452189561E-4,
0.005626121689869793,
-0.003590759017497543,
-1.58633045153702E-4,
0.001752707047041908,
-0.001382408524929034,
-0.003649774820685685,
-0.006888501044308038,
-0.023197348568272227,
-3.266363981476979E-4,
0.009775779010374373,
-0.0016413957893858812,
-0.005306283587494665,
-0.001487982440143884,
-0.0015061262491423946,
0.0050633460320673295,
0.019242966206628867,
-0.023522036835862924,
0.011275539051323282,
0.010662132351875306,
-0.0013286021073729533,
0.003921430130354177,
0.001560241422292643,
2.345320730225956E-4,
5.180290055615827E-4,
-0.004659631118306589,
0.011317465385123519,
-0.017595595879186535,
0.009836380738213513,
0.0013991086042121747,
-0.005887824125652559,
2.2944971426366151E-4,
8.904194679493028E-4,
1.7777822612092555E-5,
-3.170902508952801E-5,
1.5388311803859085E-5,
1.224161489977662E-5,
5.945988259949527E-5,
-6.616236322200833E-4,
5.570978566418795E-4,
-9.624112260606949E-4,
-0.001210735917739353,
-0.004175449899679526,
-0.008672634051193808,
-0.0021605336265434934,
0.02989694904394414,
0.05908203701947992,
0.801863508024125,
8.852223844550353E-4,
0.022298081084683778,
-0.009578691816794316,
-0.0032718201063826526,
0.004935291705481056,
3.365318805466245E-4,
0.005786637280559332,
0.018681142739001715,
0.035093393502866964,
-0.08755747875737904,
-0.013568891316932659,
0.014039849638828962,
0.010578815619845092,
0.0031294203659863024,
-8.132479902199822E-4,
-0.00236053417949254,
-0.0028420087871610816,
-0.015000355556128723,
0.027413261524937664,
-0.01697295622886196,
0.03366453193263786,
-0.0017301585515365956,
-0.001947689137697679,
0.0011961689104458858,
5.278963992751549E-4,
-4.670941924257836E-4,
0.003620172029615204,
-1.4527499587683838E-4,
-0.013139601587342654,
0.012943863590775973,
0.015087349147148495,
-0.009937512986169378,
0.004153934963724291,
0.004515147587264615,
0.0018984605598313504,
-4.079636897191087E-4,
-0.001335883048800414,
-0.00476532388494333,
-0.0069025978050213,
0.01465420323307777,
0.004994730608970072,
4.685828598773665E-4,
-0.0027545798007648278,
-0.004670467390507176,
-1.8970252571203267E-4,
8.287299520907699E-6,
4.977304072168025E-6,
-1.2167126333552746E-4,
-6.880407450206885E-5,
-1.1753163340531218E-5,
1.0838055124098138E-4,
-4.27897022275908E-4,
5.200476222485813E-4,
-0.0018180754278783891,
-0.005426103158009173,
-0.007701623619758928,
0.01978539556025347,
0.01614514360773117,
0.03401321303522864,
0.09598939377375226,
0.07801525765891394,
0.0450297624000377,
0.00676743136867854,
-6.188939563216977E-4,
-0.0032267930219323747,
0.002263693799665117,
0.003659441366688248,
0.0025491317689814827,
-0.010945536328241658,
-0.0300805496316238,
0.017180665975981474,
0.01564148607526973,
-0.004974124279080665,
-0.004683552700160534,
0.006311876957438358,
6.274730093164854E-4,
-0.0024210612108829205,
0.005604096331148476,
-0.03451822601722375,
0.046643435649384724,
-0.00976512783659871,
0.005226955577143623,
-0.014348726088638445,
-0.0013406761473182028,
0.0042920118529446195,
8.095728536273696E-4,
0.0018326105155403462,
-0.0013641964181190158,
-0.024829787272180524,
0.037499432518845424,
-0.015846695455947333,
-0.009024184942262942,
-0.0010379893581314054,
-0.0018782231814897412,
-0.001230358430511926,
1.7394007186461325E-4,
1.0246226536063597E-4,
0.004523085652803929,
-0.01038803517657301,
0.004258854436139646,
-0.014080975595153616,
-9.99736613794981E-4,
0.006512247791928268,
-6.388924288365402E-5,
-0.001101582049261413,
-1.0638351132621611E-4,
-4.0834308153635546E-5,
-2.1361734707613647E-5,
-2.4870051803565666E-5,
-7.270468047795769E-5,
-1.318750468567293E-4,
7.506193137109455E-4,
-0.0016040236924600203,
-0.001626855909915386,
0.0021923705768364405,
0.002148435528619728,
-0.005106228430934249,
-0.004442461393633296,
-0.05138447792685526,
0.10891260319756635,
-0.04750528943181313,
-0.01071393712580355,
-0.009092925744005446,
-0.008411292283085244,
-9.351118100689049E-4,
-0.0051719948457928325,
-0.008128384675085731,
-0.004234226497923451,
-0.020577291470081638,
0.02785833708460988,
-0.015439308832050656,
-0.023501838914949853,
-0.005750072613424719,
0.005486148376807153,
-0.0011996345852916565,
0.0013233874868741932,
0.0031056169144268453,
0.00454722028011092,
-0.004592184137584242,
-0.027264873496311404,
-0.03331650810880994,
-0.004454684499071895,
0.014251303007664355,
-5.521610752234566E-4,
-0.0035376790717160374,
2.8509513602836497E-4,
-0.0016334136927934428,
0.00853183404343151,
0.026170134346962602,
-0.05599666060760548,
-0.007718809131721077,
0.006459363396855943,
-0.004412023408652486,
-0.006510169603520447,
-0.0026592737214513255,
-3.6638486979311647E-4,
7.965465281750778E-5,
0.005097203150965948,
0.020534621103209517,
-0.04940155618042469,
-0.005192480816249494,
0.0010511429621298727,
0.001573898284740673,
0.004379040129180213,
-1.4531179747464E-4,
-1.6072527194427476E-4,
4.8799024139615796E-6,
1.2766447121712697E-4,
5.7589948681699855E-5,
1.0568069099622902E-5,
-1.0304802300226262E-4,
2.5058898168407056E-5,
-6.346167819460656E-4,
3.235990240009407E-4,
0.002901320154312006,
7.361193703160364E-4,
0.015330820789783466,
-0.008769820244260006,
-0.08784727297486289,
0.15039255445768707,
-0.1279113764972737,
-0.015944324699669638,
-0.002160689098484849,
0.008780746346111794,
0.0027258767295019206,
8.674575683526504E-4,
6.838755710407833E-4,
0.0016910859733690682,
0.03907909495527821,
-0.18349391884621133,
-0.012956544798936357,
0.020759378696163653,
0.010118393735943155,
-0.0016602201734713224,
-0.004099599920960744,
-0.004101030497571573,
-0.003011092749328234,
-0.00538764995420373,
0.043577581957769125,
-0.13123922952337022,
0.03224110117708416,
0.0028304114958816722,
6.665327782833095E-4,
9.459630710937483E-4,
-0.002972982770801455,
-5.524227457715565E-4,
-4.997390405018928E-4,
-3.666078125470324E-4,
0.026956751411350652,
-0.05438814773843456,
0.024855178208983142,
0.0028551353896635974,
0.001077995724277018,
0.004789856565824643,
2.4342221105526558E-4,
7.438808804298725E-5,
0.002084954260768054,
-0.004985191504370778,
0.006645918520178025,
-0.00691604555900433,
0.012204257603957921,
0.0010801407612046213,
-0.005648467072965447,
1.8975852060428266E-4,
0.0012115066403430887,
1.742294445367406E-5,
3.415117470776822E-5,
2.27744658711828E-5,
2.2747216754123714E-5,
6.912687676600226E-5,
3.9502382442986107E-4,
2.3375716204213288E-4,
-0.0012762519381249136,
-0.0013017572018899698,
0.004727562072438041,
-0.013183060223206818,
7.233790419289557E-4,
0.018713213433444897,
0.049585293466512026,
0.07227390093298655,
0.07352231617414724,
0.03858460935808508,
0.004904115005166907,
-0.005537389146305033,
-0.0034850082636178007,
3.185055826235582E-4,
5.120547555396411E-4,
0.025130747003571142,
0.01221262920370967,
0.18591665249088699,
0.042439649355400774,
0.01796117274373918,
-0.010647132506183385,
0.0034462051834720266,
0.004824918170653785,
-0.0029948610058235956,
-0.008318294673161492,
-0.029555794557869032,
-0.04233234583161978,
0.33105601003074947,
-0.0010036691863369966,
0.008267366388928792,
-0.024931648626893517,
-0.004340414622761184,
0.0020913534608992274,
-0.001630297103947373,
0.005691374134328541,
-0.004332465671650499,
-0.07077943116144363,
0.2891768245262548,
-0.02058763969394524,
-0.021223320158382145,
0.009255252401806765,
0.005443095064663922,
0.0025648452580749473,
-6.855965709020204E-4,
-0.00619814412985697,
-0.011262027852992913,
-0.03733054220563001,
0.20629027941192912,
-0.015391387137000985,
-0.0033928057800378187,
-0.004667121462235377,
-0.00331556697622752,
0.0010137032024095923,
3.3821368104189093E-4,
9.270583503075736E-6,
-1.3238672987699648E-4,
-5.93916717045881E-6,
3.6725351885225005E-6,
8.102148469816746E-5,
-1.7337024765464828E-4,
0.0015143821837610995,
0.0014406002949926648,
0.0040665190057525245,
-0.001536922101317022,
-0.006644035574641992,
0.04492243339131013,
-0.005623818820485671,
0.9489754248677172,
0.0028409635963605948,
0.022912226098926944,
-0.006910632451568906,
-0.002859934306720129,
-0.01304488088432399,
-0.019679196071471578,
-0.028782037866426302,
-0.013334940541974885,
0.02145905329919924,
0.8719612946724703,
0.011552504803964123,
-0.03259268808035022,
-0.008378890993298783,
0.0036744253441703457,
0.004384250994686771,
-0.0024586957075187817,
-0.00569723817170769,
4.525957417654946E-4,
-0.0922650871791632,
0.8272039455215721,
-0.09736678457015076,
-0.008941078817425365,
-0.006616789789631098,
-0.0012495411312835334,
0.003556842943304962,
0.004255585581303968,
7.910907458567916E-5,
-0.03572893722673172,
-0.0883318780841704,
0.5720847293422459,
-0.09008006221734141,
-0.031010589405859455,
0.006491366192209021,
-0.005386437560692734,
-2.486720778652988E-4,
-0.0014545263263322096,
-0.004263079639459479,
-0.0011468141302797253,
-0.04178435827781401,
0.3604841618783558,
-0.056718264248505026,
-0.006285431507032825,
-0.0030078745511358655,
-0.0033812005063162077,
-0.0010397844843818345,
1.660939380239993E-4,
3.269245598816901E-5,
-4.1580198274315855E-5,
-3.487169914987234E-5,
-3.299905435333455E-5,
-4.6283034153038184E-4,
-4.522994371361843E-4,
0.0011542988585234748,
0.001927282799347388,
-0.005937177612067815,
-0.011178892381711165,
-6.335544871225521E-4,
-0.008785025105811264,
0.09668359307903132,
0.027652419880448365,
0.030106529318762232,
-0.004820468599650733,
0.006431112155065678,
-0.00433678116655992,
-0.003348669458231347,
-0.00715879392666318,
0.012542644105296305,
0.015573542280642144,
0.07263195483170509,
0.14867208873190693,
0.016946354989846577,
0.009476280029554036,
-0.002597356083702096,
-0.004793909369867272,
-0.0047298091829405,
0.007706142329598325,
0.0019518405405376596,
-0.028494159181325755,
0.04349531638109072,
0.33090818554367174,
-0.04709332763319102,
-0.012863263665129243,
-0.006503852536734232,
-0.002894085692339124,
-0.0015268543066345446,
-0.0011501003444034142,
-0.013467956274365544,
0.0021520841055085505,
0.009099242961067618,
0.28869239128232554,
-0.05824294988998194,
-0.00664077388647163,
-0.0027281134038303523,
3.714640909819365E-4,
-0.00167833220329381,
0.001985160709228789,
0.005903859129286284,
-0.022376770606941904,
-0.013454310541274571,
0.20991087924076385,
-0.04411034235794668,
-0.007970292827107896,
-0.005244119780398213,
-7.533021988776518E-4,
-0.0024425093444027384,
-4.080263164276505E-4,
7.777063534477803E-6,
4.0905248257590445E-5,
-5.6007192087680446E-5,
-4.546862736804911E-5,
5.679106487084535E-4,
-0.0011578641930398913,
-0.0020397273816264083,
-8.625356028812391E-4,
0.009615638644024895,
0.006444719599391751,
0.01534603468052977,
-0.020718685088644245,
-0.13155081705589267,
0.1647438281541556,
-0.04303817872797816,
0.008848531776175068,
0.01851829007670034,
-0.0017523826049515728,
-0.004528469417808979,
0.007853296290736014,
-0.0024749836220258454,
-0.0016774113122419634,
-0.005902692097757694,
-0.1459752669687825,
0.04782239139386092,
-0.0017814182469014016,
0.002328878358280224,
-0.001632866105830534,
0.006877153718921459,
-0.004173438970066287,
-0.008339888372698652,
0.0035701010552537547,
0.014105296142331723,
-0.10209519827099836,
0.04002564566888325,
-0.017915576755757934,
-0.0021810019612368637,
0.0031033446377751574,
-0.006122847595328767,
-4.4990130333256225E-4,
0.009151054386391879,
-0.003237630857213778,
0.017348113729067922,
-0.044136912894075134,
0.013254662196291785,
0.009883345590142078,
4.302361357078926E-4,
0.0018766251501101346,
-2.758074952481618E-4,
3.7618176286590864E-4,
-0.001640381952054433,
6.617563449106138E-5,
0.008204777855535354,
-0.00604822366739057,
0.006777966023431897,
-0.002013755558669909,
-0.001223944201561268,
0.004608453616366057,
2.3944764138186228E-4,
-4.2840126597842464E-4,
-5.06841326899685E-5,
5.3707485400782325E-5,
4.7201818438989294E-5,
-9.26664279106731E-6,
7.840524367418247E-4,
9.391539685530228E-5,
5.821128220254426E-4,
-6.4962954625206E-4,
0.004191855041022185,
0.008000576353724838,
-0.004815942073706386,
0.004837012305288574,
-0.039753285735317,
0.1447708594296453,
-0.11354719657411894,
-0.010267228307929668,
-0.0023054603588098725,
0.006006294518859806,
7.453517353422498E-4,
-0.006065995136652236,
-0.007179701620831652,
0.001479100085255404,
-0.040815767390590646,
0.04944320841211784,
-0.03499277459244305,
0.01339858962862741,
0.010106970767466254,
-0.002043878485090536,
-0.003191050065741741,
-0.004139269458196292,
0.011673317564553977,
-0.00716292751564053,
-0.07377878119033572,
-0.006980301289432979,
0.01762002966840402,
-0.004494324605476038,
0.0014479588622247992,
0.002084710621592624,
0.005122327540000517,
0.0010488314589753981,
-0.004312224646899128,
-0.0015294926234085571,
-0.035714572523356095,
-0.03278290481903015,
0.02154233958249686,
9.411422127834186E-5,
0.007958800080749406,
-0.002662896325168589,
-3.3107463396840967E-4,
-0.002395836452259246,
-0.003269896533241689,
0.0027630011776782447,
-0.017561215492700982,
-0.03693739530225539,
0.024088360794615394,
0.003682948053935908,
1.258784696285278E-4,
0.002353015390527431,
0.002614368845295569,
-7.488826607197278E-5,
1.1941756380873268E-6,
3.280627822163093E-5,
3.85015085296256E-5,
5.113050241681019E-5,
0.0012576757820827785,
6.74261859131674E-4,
8.012797848338483E-4,
-0.006144726722235754,
3.707472473996089E-4,
0.0043811025386537965,
0.01238816907358108,
0.003350373428053992,
0.05494312880029593,
-0.06353645322958378,
0.09582856770789076,
0.0059723702006682245,
0.003854071632944169,
-0.002778889545652157,
-0.009925265234076627,
0.003247844140479605,
0.012963756834672786,
0.0016859653120528662,
0.07555697269674096,
-0.10325747390624193,
0.007599773176613077,
0.0015233143543067265,
2.5633655575518506E-4,
0.004731322200629566,
0.005080520647100581,
0.005775787443811362,
-0.014395915558684948,
0.005410312723359217,
0.04997063735374517,
-0.014844562393306816,
-0.024780299331763105,
0.02271752293562912,
-0.004465075149971648,
-0.0019202432113887297,
1.104627348030515E-5,
-0.003884898115292865,
-0.002106375273598652,
0.003697007199857652,
0.007498953932393798,
0.005264326437570614,
-0.006930047312548441,
-0.0018386258445264856,
-0.0025652604691421077,
2.2148042506276312E-4,
0.0027648705234297327,
3.7987875865579633E-4,
0.0029885349051788643,
-0.0063250978847612434,
-0.0015549272638818313,
-0.006366954955503428,
0.0026288583057881253,
0.002312605308673758,
-0.0024126687940693404,
-0.0030058004269156837,
0.0014755330688911135,
3.971039050567187E-4,
-4.359256825624143E-5,
-5.906896416184991E-5,
7.0014624654620255E-6,
4.2765572186361065E-5,
-4.743280414773478E-4,
5.809958027266663E-4,
4.071273561889557E-4,
-0.0016116124968237047,
-0.005904634877863678,
-0.012948527147430198,
0.013303381873000446,
0.019223829020767517,
4.3912039609070655E-4,
1.0125498214602455,
0.00249178044848777,
0.05194497265597532,
-0.00420890095078159,
-0.004295854262416484,
0.0042743094851751305,
-0.003747926144464494,
-0.011622823172033475,
0.007302808252292146,
-0.05448532147033275,
-0.0203859877072363,
0.011126139454588197,
-0.016502606245529013,
-0.004882254386196095,
-0.001729482955007067,
-0.002803423335808461,
-0.0023785777154007315,
0.010789305957413313,
0.0016553869755303477,
0.005380779168219901,
-7.863863839216534E-4,
-0.024534631909025377,
-0.020845398882013713,
0.00570603621593326,
-0.004290079979554332,
-0.001296150603859226,
0.003847718958096172,
0.010063775381379113,
0.002312378281237387,
0.018881548428585603,
-0.008432124211795372,
-0.014096633235126683,
-9.131054629810879E-4,
-0.0021529547340737526,
0.002344241803577715,
0.0011020990723909826,
9.513922334127025E-4,
-0.0032304558609993796,
0.0026457352347364904,
0.026263203144055718,
-0.015859021630632797,
-0.015145254612086177,
-0.0015223959003831014,
0.002493676672378843,
-0.002821512008645938,
-1.7345031502320548E-4,
7.356491632697586E-4,
-5.5642421562526546E-5,
-9.185292312554138E-5,
4.7388006843686846E-5,
1.2409625463911457E-5,
-0.0010961507661761216,
-0.002057034671176555,
-0.003702846052318374,
-0.0059892360822199125,
-0.0010814355540993952,
-0.006452703998572985,
0.03323234405428901,
0.04264963770541821,
0.0887736524230751,
0.037035152227166884,
0.021060293341299288,
0.0071995781315464386,
-0.016616782633415463,
-0.009330634049112,
-0.011642183306672042,
-0.006497486930994163,
0.010646098608918375,
-0.0051973431992441,
0.02158906660970724,
-0.05605611121722989,
-0.009758916079963945,
0.03208756827201927,
-0.002201456081886914,
1.3680132854641022E-4,
0.001641986936118087,
-4.8619140233650154E-4,
-0.004122481297078404,
-0.011172665589056942,
-0.005191215569595575,
0.0348636605972512,
-0.008388291862197573,
-0.001367588295829272,
0.010507537178087202,
0.003627085920904117,
0.0022182889734409495,
0.005613078116966921,
-0.011069685579401791,
7.950807785552728E-4,
-0.0189452107545481,
0.019463828084193585,
-0.003715146331729484,
0.005604535879324744,
-2.588304882145661E-4,
0.0020807633827369222,
-0.002014602192405796,
-6.892392990486182E-4,
-8.365212932883709E-5,
0.007436945180041402,
-0.015117817033667873,
0.0015767821928654728,
-0.009352747757788642,
-0.002040162246148277,
0.0013635394487938113,
-0.0032921423679385816,
-0.002791744921661239,
1.801342810520731E-4,
1.3209565904579072E-4,
6.428692089650978E-5,
-1.0399492558654797E-4,
-6.0443888010425396E-5,
0.0012547056510926475,
3.293733440825244E-4,
0.0025221246973674417,
0.004460948105863959,
0.005757371021364383,
-0.0035787098933302086,
-0.017254216616147885,
-0.023208031570749417,
-0.10067663792274031,
0.0923606241985674,
-0.019222830508840258,
0.02222112501971884,
-0.005611414636816233,
-0.006664310041133831,
0.007354660369343801,
0.010790332345044758,
0.0012386684730219828,
0.018373147095866186,
-0.031008876560222814,
0.008526430196059614,
0.017566565961012463,
0.006489157317075027,
0.0018630257824317504,
0.0014443016249971244,
8.058598716333586E-4,
-0.0052398012991239015,
-0.0016986303591313822,
0.011811201175430646,
2.441853454798054E-4,
0.010279544105755935,
0.04652151373717359,
0.0010905853698877357,
-0.004933324956608489,
-1.7198396540923238E-4,
-0.007381751684751437,
-0.00707613959076518,
0.007665458319637603,
-0.0047674654424991695,
0.01843289517882553,
0.011193560288527912,
0.00874635715980935,
-0.0036380208894662785,
-0.007342358804588378,
-0.005760701159410207,
-0.002129699923066614,
0.0018666112954450161,
0.00571009826878989,
-0.007655938041642333,
-0.007253710184129102,
0.012870898237393808,
0.0026960529857916896,
-7.23076737651604E-4,
-0.0012292954185963362,
0.002997164860355021,
-0.0016845233695682166,
-5.181855941530747E-4,
1.3192336783724782E-4,
3.454470054476992E-5,
-5.633045379426471E-5,
4.0980656827242716E-7,
-0.001251583181441922,
-9.095840224855504E-4,
-0.0011656231627355097,
-0.0058543386875923665,
-0.002058854066204154,
-2.7913306252558756E-4,
0.010897019131882898,
0.016681129575616894,
0.022438970231548946,
0.10351551043174256,
-0.02968405055448599,
0.0038604302399249737,
0.0038480696728557607,
3.49210300793146E-4,
-0.0011735844268044773,
-0.008784082435882934,
-0.001168123841205568,
-0.011549466036275201,
0.08676655623487249,
-0.09796623725631486,
-0.05433104340750891,
-0.009665693643530496,
0.004525810450764727,
-0.0017782071550911467,
0.0031867674004537995,
-0.0028539080369990475,
0.005263877156047891,
-0.012995595285773077,
-0.02410238121846798,
-0.006431730336614418,
-0.0013085412317421748,
0.0020428553478408617,
-0.006029935620429779,
4.705848090534424E-4,
0.005699903897274551,
0.00534143410993922,
-0.0011110192694186625,
0.006386740087524984,
-0.014128752641718473,
-0.008260620458308705,
0.007534478914419251,
-0.006390755057363811,
0.008466528183265178,
0.0010128295887485916,
7.752568452333304E-5,
-1.1308083127585999E-5,
-0.004664391347250705,
-0.0012593395770518153,
0.010475894658917514,
-0.0030088137268661688,
0.007660055097190449,
-6.938114666919608E-4,
4.822692236790842E-4,
0.004677176769243463,
-3.8097195012977967E-4,
-9.026180747643089E-4,
-1.486124632281735E-4,
3.373830518789201E-5,
8.912064193769902E-6,
-3.3241344613124857E-5,
5.185682570709756E-4,
-3.872840200679271E-4,
0.0021272896442895302,
0.004302888847976586,
-0.0023063195183655235,
0.0027941427164666845,
-0.009865112588744653,
-0.026218583196211672,
-0.04793799127228591,
0.02842594053086142,
-0.01793958208078854,
-0.017923466593797253,
9.09224304661246E-4,
5.184394753567209E-4,
0.009431515534993834,
0.002541786919907217,
-0.002383843080796765,
-0.007793267579878818,
0.010338020865352321,
-0.02290002846043515,
0.14385929644771062,
0.005201397519804765,
-0.0012764136614272894,
0.0029607799871129363,
0.006620384054697545,
0.003882007284991755,
-0.01113515408173197,
0.0021010002433377965,
0.014341227121031318,
-0.030341664548360767,
-0.01674773743243857,
0.015696745254088113,
-0.0036623158978860647,
-8.908175049088091E-4,
-0.001918388898277632,
-0.009237230471334065,
-0.003490603604237845,
-0.011759138683969486,
-0.003945841175171037,
-0.008355040724697536,
-6.444657226143796E-5,
0.01746586624562077,
0.0028156950628467157,
-0.0032720132302507436,
-3.126713618517114E-4,
-0.00411388707968531,
0.0012732682035513272,
0.004920908316863766,
-0.009697582492361911,
-0.00809728199496955,
0.005792094831890686,
-0.001431710275466107,
-0.0021249068753412693,
3.3773377187393033E-4,
0.002139381268502394,
-6.058106187041046E-4,
-1.301801191147582E-4,
3.7371358908072924E-5,
1.3694732288502384E-6,
1.08757184459792E-6,
-0.001034919508923733,
-9.764119013976151E-4,
-0.0031079249588479283,
-0.005039221609250198,
-7.38969990462638E-4,
0.003032011696923417,
0.02002859184029776,
0.020584314181605647,
0.011306196294642898,
0.036373558660538235,
-0.007676257897638133,
-0.004707605401183944,
-5.344370079047233E-4,
-0.0012420901123357427,
-0.011132524069421541,
-0.01903723412881406,
-0.026413445316808438,
-0.0270725044010913,
-0.020364083180547193,
0.9881264297046748,
-0.02817838857826163,
-0.020607154762638035,
-0.017565817582156612,
0.003601967349852345,
4.5954169988767163E-4,
-0.0076400590424146615,
0.0086765883375013,
0.02103725687845121,
-4.897630008262096E-4,
0.0038402403000690182,
-0.021372764897266156,
-0.012901225217549574,
0.005285236432989336,
-0.003792210704231813,
0.0018774519427594634,
0.0047244813579496725,
0.0021062218670441337,
0.002788437730266506,
0.0018013401982171304,
-0.012498099670827215,
-0.004944014125186104,
-0.009900606103911296,
-0.004150560321316201,
0.0032462297764202777,
0.0026273219026288616,
8.325957785893964E-4,
8.896664538161951E-4,
-0.004309679939883788,
0.0021558941356274192,
-0.002807665910645845,
0.005261053280868535,
0.002129859595463022,
3.51575991174403E-4,
0.0018661266812072673,
0.002472685821709592,
-3.153157186225557E-4,
-1.7755844290203078E-4,
-2.4370141508704255E-5,
9.641651876146409E-5,
3.083469674612013E-5,
0.0014300240070326009,
0.0021202231000420914,
0.0037086526577733776,
0.00568360134485058,
5.750922652405913E-4,
-0.0049446201166548276,
-0.011254913890438296,
-0.016242670047750478,
-0.0408056409052402,
0.0379824878820082,
-0.018049800090074706,
0.010275906395856661,
-0.011560720936790577,
-0.002933134957655803,
0.013740194921719797,
0.007759349174613678,
5.736603325754352E-5,
0.041238442565312096,
0.1495895403760124,
-0.005374459849532082,
-0.011877273192044457,
-0.022187642164830608,
-0.010335384550489483,
-0.0017213581361754104,
-0.0037352708997998906,
0.004568971263668642,
-0.0014172717394423107,
-0.022703158282692808,
0.022130557843015083,
-0.014512785739435395,
-0.03697633604636747,
0.0045179779081536454,
0.008546510616021023,
-0.0014975242614164162,
8.206903892761713E-4,
0.002041002688986778,
-0.003349773870095494,
0.005260513827734209,
-0.009109305792962749,
-0.016599154256347424,
-0.01191259708842393,
0.0029630855633501533,
0.003441967055878888,
0.0030686177791214016,
2.5379271242010346E-4,
-3.754864734335006E-4,
-0.002448440787469443,
0.005146339946837355,
-6.381957868340941E-4,
-0.0028396257864828677,
1.8630130075550502E-4,
0.0038335304448069755,
2.29232957871847E-4,
-0.004247532117601899,
0.0013162724546062722,
8.077331867885145E-4,
-1.369500367060975E-4,
1.5914388825216877E-5,
6.915727292830649E-5,
-4.396474327007279E-6,
2.1236550884665964E-4,
-8.80851033996477E-4,
-0.003849933160412929,
-0.0025054440224388345,
-0.0027089058893509264,
0.005447468437492763,
0.00540490654704002,
0.018601783293189476,
0.001394163857636438,
0.04318001166212503,
-0.009083676027759049,
0.007116669356472954,
3.8595027417238133E-4,
-0.0010371160130825995,
-0.008144937172738875,
-0.00419371691275537,
-0.0060602975035333705,
-0.023390312746619846,
-0.022923295591547186,
-0.06054204313327901,
0.06254582714793956,
9.144830772215458E-4,
9.286744296357701E-4,
-0.004633097743402223,
-0.01034630514236707,
-0.012028223207941321,
0.00269112216784425,
0.017797945236724233,
0.013704522167173008,
0.056991537986762285,
0.027536400720117468,
-0.012166336398783307,
0.006956706073693835,
-0.00195534030498206,
-0.0025108558025666384,
0.001258374800990777,
-0.001169329085058496,
-0.0025480204878165933,
0.009721997495147829,
-0.01666474621035837,
3.0444204150024533E-4,
0.006981475080674541,
-0.003410270691414868,
0.0027328563557199323,
4.380995482751764E-5,
1.607670513870038E-4,
0.0025652637236867914,
-0.004804208815743939,
3.131476143354914E-4,
-0.001023346616382262,
-0.005460578609113409,
0.0016799683675736777,
-0.001598145694973656,
-0.0010069378063015965,
0.0017060398881053142,
7.886265768801881E-4,
-4.366324117738643E-5,
-7.024045630006737E-5,
-2.3058009668289666E-5,
4.691203372201798E-5,
-4.2077748480678727E-4,
0.002588509792603079,
0.0038234866534435693,
0.0019325959374489879,
6.293760029969018E-4,
-0.0021613566981030386,
-0.010401159385573119,
-0.008808092710830988,
-0.017332493657567363,
0.02559587912202959,
-9.779837515391738E-4,
-0.006420141765301945,
-0.0021479831977946995,
-0.001397965454793303,
0.006761895913063292,
0.007852562188098438,
0.005903295199370384,
0.011666707924930547,
0.043742713031282826,
-0.004329623474237362,
0.014437648722281479,
6.474973271460979E-4,
-0.002438087519501161,
-0.003872389958312985,
0.00838387263645755,
0.0014247053634769608,
-6.11481207766391E-4,
-0.021377854247568308,
0.03425328714334914,
0.008094974133995535,
-0.033234737624255065,
-0.0046964214961027085,
-0.003391403585784206,
0.0010201227659090584,
0.0032884201957247166,
0.005690864315993152,
0.004748386194018144,
0.004210402587232277,
0.011375255445176414,
-0.009058960106852757,
-0.01590656031449586,
-0.0084408100494866,
-0.0034052004754705676,
0.002249879890997999,
3.1667172409968606E-5,
0.005343188517586175,
-0.003989719642244182,
0.0014822769679357967,
0.005564453491162058,
0.0016639541405740234,
-0.009829305921398036,
-0.0010318446706368044,
8.027045366736081E-4,
-0.002805967996900871,
-0.002105761499117374,
0.0016251608915306974,
1.8249414734931174E-4,
-6.143497063230798E-5,
5.449929733025404E-5,
8.570442721829557E-7,
2.8975709394035866E-4,
-0.0032978195888145,
0.0011726015858369151,
2.674362294417076E-4,
0.001238019890723438,
0.004854143065958803,
0.012952052995537002,
0.0019834858208335054,
0.014289300939067707,
-0.004527335566340997,
0.009480930744926425,
-0.004187230246607852,
0.007484883046950348,
-0.003469715758769729,
-0.010049456527323843,
0.00114078477338703,
-0.013134776157831925,
-0.020234779937349387,
-0.05282568477923752,
-0.027299203372010177,
0.002291660277043934,
0.009111510498233267,
0.011892904376055422,
0.006110871437487896,
0.005229130151577631,
-0.006815375050601268,
-0.00449932968454117,
-0.015839687906716478,
-0.09936964581822916,
0.1639507843061421,
0.12509873613324432,
0.0033246207803365874,
3.488153283345023E-4,
0.004753511075871297,
-2.2817230331445906E-4,
-0.0019039010599306455,
-0.006148763204006535,
-0.003714265162578329,
0.00900322428450901,
7.792190922342097E-4,
0.0021328511649719864,
6.461633862011285E-4,
-8.409495258337643E-6,
-0.0021759688101372493,
5.339648291541426E-4,
-0.0018230286537297548,
0.003653815454792309,
0.0034860289457989274,
-0.0017022345095728509,
0.005357264992132703,
-0.006244516720937664,
-0.0011126406937692693,
0.001327535510056158,
-0.0018851425702347798,
-0.001150915232768588,
6.464067315721696E-4,
2.4573230151118936E-4,
7.077159889190253E-5,
-8.08120151096712E-5,
1.1831119635322033E-6,
-0.002711542740332451,
8.673265883464248E-4,
-0.005133081473381219,
-0.0016761869258609472,
-0.0039974024581929165,
-0.008417521825874973,
-0.004121493789234175,
-0.006624622584327943,
0.01475269911346579,
-0.03812317070270902,
0.006990319098965726,
-4.694270874197066E-4,
0.002122204197252688,
0.006187003679440967,
0.007634981591586144,
-6.504491311122831E-4,
0.016622030512374687,
0.017176942324845648,
0.01725322829319052,
-0.0035042748390982713,
-0.0120542299526368,
-0.001953480663183141,
0.007383604858906196,
-0.007015171476585217,
5.354035005766659E-4,
0.007683970447294238,
-0.021165949136692223,
-0.009409633723076911,
-0.08904966908421613,
0.9514542565447223,
-0.07300028324205061,
-0.015856484708417752,
-0.017146379991639173,
-0.006440877325758928,
0.00954699452242251,
7.971396861986429E-4,
0.005839143489804851,
0.008812674444873644,
0.005640486450598946,
0.034040523306256495,
0.010701679671636958,
-0.004335091829423562,
-6.913224975385376E-4,
-0.0036252900424722304,
-0.0031086871371290995,
0.003265135805578606,
5.810330064522129E-4,
-0.0038415306541005555,
-0.002007710737506917,
0.008055267847976654,
7.076129690489604E-4,
-8.96274520968523E-4,
-6.879455471700719E-4,
0.002615879096671642,
-0.0037403319840009085,
-1.0689791895304138E-5,
2.3974639761302946E-4,
-3.543285245163402E-5,
-7.839970287867538E-5,
1.748495536403397E-5,
0.002293590070993124,
-9.403446554562401E-4,
0.01016137740117952,
0.0011915392488745901,
0.003297718642893948,
0.007536774309723,
0.00255137367637431,
-0.0063615611362908,
0.002667663407371408,
-0.025761497495228772,
0.007800608277281781,
0.0013797224664930953,
0.002142760918837463,
-0.0025918614214841124,
-0.008086400795703191,
-0.0032467406452763234,
-0.011216251761114099,
-0.009365310261682776,
-0.03901386911876685,
-0.014736777218264878,
-0.012747082958261845,
0.002938107718248769,
0.008004993669690916,
0.013557486556327249,
-0.0073284292234823524,
-0.00838862484280097,
0.011418786269493744,
0.010244584924455114,
0.1414962862656097,
0.12424187623702918,
-0.08722672103516979,
-0.006771323264073486,
-0.014292323950888206,
0.008548315978498835,
0.017717281686067083,
-0.0042894792587862855,
0.0017079102899219484,
-0.011331845461958305,
0.004890027087363501,
0.020680577275960545,
-9.735558721528548E-4,
0.007163861067487636,
0.0022553927902923456,
-0.0032177700776751805,
0.0016719592209454817,
-0.0014909864459305977,
-0.0017760182659012015,
0.005411554500751821,
-0.0014042646621232377,
0.006418155406588291,
0.0038365485889421663,
-0.002006453222262944,
-1.540154063210075E-4,
8.220932096682798E-4,
-0.0024739155165668324,
-4.5704756604227325E-4,
2.1941967041965287E-4,
1.7565284997361694E-5,
-3.870752216303506E-5,
2.699452623308166E-6,
-0.0036181874643732206,
-0.005224597606681599,
-8.13793059852224E-4,
-0.0034557404812941886,
-0.002501891734366681,
-0.006868909896609622,
0.0034023659299651926,
0.001532713306193656,
-0.005805473040921563,
0.0017945833351930632,
0.022482582865194386,
0.0011757376424283688,
-0.001274179248088,
0.007028167832450491,
0.003978919879196409,
-0.0032292296200962132,
0.01558658309978431,
0.011092982707107676,
0.010193502838869464,
-0.01177461884550377,
-0.008467370041509548,
-0.0037107704123619007,
0.0017772828265976016,
-3.531465578896219E-4,
0.0036964273083075305,
0.010520722392207374,
-0.01086663169426014,
-0.016548648471796098,
-0.023724357812162755,
-0.014188483786616538,
0.02612323251967197,
-0.011097311170041296,
-0.002583057328850755,
-0.004122910963210331,
-3.0315960743259554E-4,
-0.007742708710736156,
-0.005126647941650854,
-0.005289789271702679,
-0.0035481769285495724,
0.051628213823179114,
0.020868044016257976,
-0.006550152805050017,
-0.0016821710239536994,
-0.005165766782811578,
-0.0041893210876204675,
-2.6016514341728675E-4,
0.005465111810654132,
-0.0046218406370000355,
8.167262769555236E-4,
-2.449478919767387E-4,
0.002141946886432748,
-0.0036172250004796753,
6.436585261063901E-4,
0.003705000986328734,
-5.227229337280363E-4,
-0.0013174176970108553,
1.2897959933965515E-4,
1.151627051999676E-4,
-4.891854799481875E-5,
-1.2936650106244399E-5,
-0.001458729467903657,
0.005857010173639054,
-0.0011992618331962968,
0.0037026614432810385,
-0.0014517997856848316,
0.007017874345037518,
-0.00633375290977704,
-0.009782646698706895,
0.004811030593752062,
-0.0026424659870078315,
0.019174140950249184,
3.525584816010934E-4,
-0.016811981049515437,
-0.009870603770827355,
-4.5328022561086975E-4,
-0.002467206878041557,
-0.013072996083971593,
-0.010257844448060738,
-0.011950998059261782,
0.0026831178036779138,
-1.0227028918596143E-4,
-0.00740238372538689,
-0.0069907367747166676,
0.003781973946127481,
-0.006755923940786163,
-0.012266537832537736,
0.00205707923383994,
0.010113923633972904,
0.04626451478695956,
0.031669185721743175,
0.007604881787663505,
-0.006387515636786067,
-0.003810105514435959,
-0.005265430921089192,
-0.0010493214812316973,
0.004253141165071271,
0.005278189683969319,
0.00222412621963334,
-0.00910696149224871,
0.011834949684277136,
-0.010952621219469393,
7.990259097153476E-4,
0.003576238900577557,
-0.001084555015359883,
0.0010651049939022327,
-0.001595034830656005,
-0.005054291737813795,
0.0035675115267249768,
0.002968306210914758,
-0.003665319793171049,
0.002638740330308644,
-4.589686536854105E-4,
-0.0018698359511386585,
0.002052176622286879,
-0.0010489859900224435,
-0.001496686729885159,
-7.18452763987704E-5,
-1.8709316756890323E-5,
-7.408157277561054E-5,
-7.616566152639123E-7,
0.0037142029984321627,
-0.0026381402376058167,
0.0011981010005166475,
-0.002401877746251441,
0.004445746314127544,
0.003381218709911414,
0.0032366573452867354,
-2.7541880619352983E-4,
0.012985360923309531,
-0.021877043574457005,
-0.01878740922207657,
0.0013937280751212641,
0.0016948339868876634,
0.0031520458426154453,
0.0012646190936087976,
0.00325890887004334,
0.010781396016419496,
0.015332732859252605,
0.006296635620738324,
0.004720702133348381,
0.0046143505478866455,
-0.0072723137477316594,
-0.01024103799773483,
-0.0032180345214380107,
0.006993420474937718,
0.011457590063943543,
0.005000758713317087,
-0.004167825421992514,
-0.04044570712015464,
-0.00687418260020373,
0.012352651734413205,
0.002532241777297123,
0.012208519488760096,
-0.002421250683961826,
-0.005075490420087543,
-0.0011981679732962235,
-0.007540549446157979,
-0.0059377484312356415,
-0.10467827544312595,
0.09342921279876998,
0.05835563633909502,
5.639168256653629E-4,
-2.0824797817369233E-4,
3.750880069218006E-5,
-0.003421427481590138,
-0.0018345328220848592,
0.005781706966529248,
-5.973472354274281E-4,
0.0017182023101779634,
-0.004651777187469408,
0.003712976441280118,
2.5775777371277056E-4,
3.0057254141015313E-4,
0.002224451978756161,
3.6189214411636836E-4,
-0.0014680703721885809,
-1.41564472346166E-4,
4.445936067172181E-5,
-5.708290632482105E-5,
-1.99339505690314E-5,
-0.0056419145188224525,
-0.0025119019865551956,
-0.001751995584104533,
9.434581322259267E-4,
-0.004441875607813443,
-0.011268873567065792,
-8.680017805138152E-5,
-0.0011163751844693445,
0.006138860060873845,
-0.027470159023222016,
-0.01171021454515004,
0.003049112481921597,
-0.004132124319777542,
-0.007444830115428133,
0.0015887108355168357,
-0.0025155291049864066,
-0.013783249166631798,
-0.015337456086633589,
0.009545610883484393,
0.004263407994722858,
0.00193535194160133,
-0.0024693801288739434,
-0.007527059851975489,
5.086126977500785E-4,
-0.00529647161977083,
-0.007542286626984863,
-0.003908726424219122,
-0.002230514685300843,
0.024228794824054368,
0.011865586407363682,
0.0038041483737946587,
0.001208240649812035,
-0.0033535222059141788,
0.005559251057193621,
0.0021261264354202254,
7.427110280880927E-4,
-5.556848192689948E-4,
-0.020883135715474198,
-0.07432656584905012,
0.4775708201432794,
-0.07987391017736244,
-0.013432249814476594,
1.2574126539464556E-4,
-0.001026731763598695,
-0.003673268973078766,
0.0013922811724685906,
-0.0014277453824113563,
-9.194107288308642E-4,
-8.926672211937031E-4,
-0.002714797986334359,
0.005873741122517472,
-0.002001947803384867,
-8.586722867930023E-4,
9.937825794868642E-4,
0.0013408869930535935,
-0.0012624338626139016,
-1.500642324670692E-4,
8.160884028494557E-5,
-2.304932932918099E-5,
-1.415952597393664E-5,
0.0035889265562722766,
0.00232140866411557,
0.00374876155728984,
0.002193515378531503,
0.0067777074115147745,
0.012122617500612866,
-0.0011177013698672545,
0.007332329416082726,
-0.004483658009233586,
-0.009616659460921197,
0.003957715193477521,
0.010691794464260444,
0.0029078069458125834,
0.005014848343649698,
0.0022094289718049666,
0.001239172975919311,
0.011709970388168438,
4.081953324355822E-4,
0.01204767986320593,
0.004672681701067848,
1.9408057349088424E-5,
-0.00523086573311069,
-0.009157473460582375,
-0.003593474424095999,
0.006848857162046119,
0.0017032402984121036,
0.010662628812392433,
-0.006977459574774742,
-0.026271091116216984,
0.00625418491339195,
0.006491516889907376,
-0.0033417394500329855,
0.010102940452124674,
-0.011250397452369684,
3.1922937378284336E-4,
-0.00100324453687903,
-0.005367106332724904,
1.148996072729482E-4,
0.06725630373863102,
0.06877270439218332,
-0.0806347940288884,
0.001483525888364562,
0.001704875995110639,
7.301641668122064E-4,
-0.005181351199080005,
0.006975161517783256,
-7.500402366546439E-4,
0.003168715350759453,
-0.0019686877944840595,
0.0010313150658807046,
0.005776852977797987,
0.0014017134384729515,
-0.0010920611374714393,
0.0010764654393593115,
0.0012184725146844127,
-0.0013409298173252728,
-2.1238683023325574E-4,
3.974702147173724E-5,
-5.880826419999459E-5,
-1.2657034659164377E-5,
-0.00200785951728168,
-0.001985786343101088,
-0.0038903710318099315,
-0.0085201504646799,
-0.009109939662702295,
-0.013456889886163247,
0.0029946941152240417,
-0.0014491209389065952,
-0.0023123955356799328,
0.00486202077040193,
0.0010384775087763376,
0.0023095517258715764,
-0.004366668912304998,
-0.008061372989528522,
-0.0022307342248450686,
-2.3068941737395925E-4,
-0.01375375164924262,
0.006670853217406946,
-0.0031628308048865426,
0.00730789238588486,
0.0051136433993898,
-0.00446209724494018,
-0.004577052434869429,
-0.0032668114229811914,
-0.004306368396412186,
1.6425402175972238E-4,
-0.004735376336787148,
0.013488955347614427,
1.4595547991271755E-4,
0.008016104541494144,
0.00910216706099789,
0.0036328161703605374,
0.0032141166983688254,
0.00474916287349445,
-0.001510075114654307,
0.005517344679528603,
-9.73724803059842E-4,
-0.003323280426123186,
-0.007848734476757784,
0.015001011324651148,
-0.008865243581685908,
0.006401619885206499,
-0.0027347213511211147,
-9.970966178041367E-4,
0.003041175387908824,
0.0017728059096129359,
-5.148146905962828E-4,
-0.0013959593091235757,
-0.0011363805585103215,
0.0011436185734693953,
0.004029915129278419,
0.0010716071627882658,
0.0012741061301494438,
0.0012919942740207409,
0.0012956042297746976,
-0.0010176381766771236,
-1.6396514490681763E-4,
-1.3762778585095201E-5,
-5.8307683086333004E-5,
-1.9778215133208664E-5,
-2.065635524877863E-4,
0.00175988221709804,
0.0022181342892501885,
0.009469405759846186,
0.0072141307863594255,
0.009116512406090772,
-0.00866163747745801,
-0.0012002120399580238,
-7.117207438426222E-4,
0.005981496060095869,
0.00472279422262018,
0.005373678968353027,
0.0020892415797987484,
0.006769320182157095,
0.001389574345663013,
3.9788971482178077E-4,
0.004078473400254531,
-0.002387080631241754,
0.0013612939720072906,
0.0088819132882176,
0.001925778904974231,
-0.0013679286445699287,
-0.009658330259426822,
0.0015927290645072073,
0.005264052836328251,
-0.00592616278388614,
0.010780756102830122,
-0.019011271814906965,
-0.005957542118453028,
7.583633428614926E-4,
0.00101872333205694,
0.0056811180979934785,
0.004912422473359275,
-0.008830812109390957,
0.001223040334302815,
-0.0014249866326214184,
-0.003402980988953388,
7.129669751836082E-6,
0.02647602652639567,
0.015488893034076206,
-0.014546455086641343,
7.670296989890418E-4,
0.0029541138731043045,
0.003471930602980594,
-0.0011140069651113743,
-0.0016687546433836339,
-0.001483036246507929,
-2.5631454271279365E-4,
0.0011320487166887477,
6.278077384730994E-4,
0.0024302338517889002,
-0.0012952938707423483,
-0.0017612828230186357,
3.7832036313684603E-4,
0.0011803170433680877,
-7.514902128818665E-4,
9.977603339216448E-5,
5.6255587857364034E-5,
-1.376145031287137E-5,
4.471508883123641E-7,
0.0028765375472897085,
-0.0017727905082899665,
-0.00182011598255237,
-7.632554517195826E-4,
-0.004115301553089232,
-0.0025985414846442668,
0.004409433938578569,
0.0016899600821159804,
-4.1529248235853706E-4,
-7.763397827012467E-4,
1.523401335288858E-4,
1.53107798682688E-4,
-0.004326695400107004,
-0.006729614052769174,
0.0037609246357475736,
-0.001088993518670156,
-0.0038324294080459512,
0.002337950717612649,
0.002084983157087783,
0.009037386076573603,
-0.003141393583624465,
7.932287640918466E-4,
-0.008087716030266463,
-0.0051164618187391295,
-5.997349443699564E-4,
0.0049739753275827,
-0.002908932041402684,
0.005998891135539707,
0.007234208301720302,
-0.004984218250980287,
-0.002422546245716594,
-0.00621434415979997,
0.0046399758546619655,
0.0017268288171798799,
-5.600017578706313E-4,
0.003157560670266692,
-0.001427616051786271,
-0.0027396656650248022,
-3.5709072580026766E-5,
0.0040508847874803425,
-0.0103409598105587,
2.2977386730788175E-4,
-9.265100652278138E-4,
-1.8832872190735527E-4,
0.0010474973422019151,
2.495345443832959E-4,
-8.399458847833223E-4,
0.001410291780096682,
0.0010840382164118787,
-0.0013569430206960328,
9.232785989575086E-4,
6.917365644161367E-4,
-4.142579183714421E-4,
6.335737118948399E-4,
7.264367113454401E-4,
-6.999620019092384E-4,
7.008913653819526E-5,
9.770766085319022E-6,
-3.563159986222032E-5,
-1.2726182891629712E-5,
-0.0015994147197196345,
-0.0010732065494911043,
-0.003923093342429904,
-0.004720864176475088,
0.00564170627207743,
-0.003034639703812467,
-0.0037059953459099705,
-0.0017987288347706847,
-6.35207440683923E-4,
0.0010170318905223623,
0.0014957089603231145,
8.752595055419735E-4,
6.773421581810731E-4,
0.0029734667162598107,
-0.0026451235201854703,
0.0012661943303983077,
-0.005456826805210302,
0.005016508169246181,
-0.005761259826770095,
0.012135404496814692,
-0.0017899345018282356,
-0.0056151064319312416,
-0.005744409210140057,
0.0035291245354082193,
-4.392649250972267E-4,
-0.006874367769303627,
0.0011164783519101132,
-7.145886075681114E-4,
-0.003629251712459592,
-0.004273846190795088,
6.639269347093126E-4,
0.002221169326027721,
-7.924509305636361E-4,
-0.003973122446322755,
-0.0011774133865315923,
-9.026169033736952E-4,
-2.7442722344859306E-4,
0.001881140611085717,
0.015432757924598682,
-0.0020799170512334026,
-0.009178044719484961,
0.0023538904470809204,
0.0016588003502332168,
4.4632011385815136E-4,
-0.001497467835249345,
-5.41677133317479E-4,
0.0014089846650262093,
-2.5684521710350565E-4,
8.363284210546821E-4,
-0.0014823908025004408,
7.58830785086278E-4,
5.364675434381842E-4,
0.0017737062359721085,
8.647617923783959E-4,
8.087702043166516E-4,
-5.339052741673972E-4,
5.109779599179989E-5,
-2.9073076466375525E-6,
-3.908442989830147E-5,
-8.979727214914246E-6,
